isbn,description
9780006550686,indian novels
9780380975853,indian novels
9780143066569,indian novels
9780679444626,indian novels
9780143065883,indian novels
9788185986005,indian novels
9780007432974,indian novels
9780763762711,indian novels
9798189815065,indian novels
9780061130366,indian novels
9780393337815,indian novels
9780824840952,indian novels
9788184000573,indian novels
9781416562603,indian novels
9780141027289,indian novels
9788171673407,indian novels
9780140120493,indian novels
9781400096206,indian novels
9789380658742,indian novels
9781780874043,indian novels
9780874771930,journals
9780874776386,journals
9781419723445,journals
9780804011648,journals
9780895944757,journals
9781886913028,journals
9781573223591,journals
9780446390385,journals
9780060287047,journals
9781580080934,journals
9781582970684,journals
9781579905125,journals
9781582975276,journals
9780982922804,journals
9780713905847,journals
9780575075573,fiction
9781841493893,fiction
9780450006517:,fiction
9780879977429,fiction
978-0399110719,fiction
9780140311198,fiction
9781590192689,fiction
9780395264706,fiction
9780575032118,fiction
9780886775896,fiction
9782221037065,fiction
9780345289155,fiction
9780575006515,fiction
9781250056887,fiction
9780879970307,fiction
9781516806348,fiction
9780425052167,fiction
9780586039397,fiction
9780312868253,fiction
9780140236415,literature
9781412115599,literature
9780837176970,literature
9781101568507,literature
9781484180761,literature
9780747202370,literature
9781572702653,literature
9780307705266,literature
9780140129588,literature
9781596880481,literature
9781448215164,literature
9785170119516,literature
9784003234259,literature
9780553293197,literature
9781497564350,literature
9780099541523,literature
9780330245791,literature
9783735101693,literature
9780394280448,literature
